prompt customers input

insert into customers
values('0000000000','Fred','Durst',33,'03-FEB-1983');

insert into customers
values('0000000001','Edgar','De La Cruz',21,'30-JUNE-1995');

insert into customers
values('0000000002','Stephen','Cordiero',22,'05-MAR-1994');

insert into customers
values('0000000003','Moises','Cordova',21,'27-JUNE-1995');

insert into customers
values('0000000004','Nathan','De La Cruze',21,'17-MAY-1992');

insert into customers
values('0000000005','Santa','Clause',108,'05-DEC-1908');

insert into customers
values('0000000006','Less','Then',27,'14-DEC-1990');

insert into customers
values('0000000007','Roger','Blokes',34,'18-SEP-1985');

insert into customers
values('0000000008','Gabe','Newell',54,'03-NOV-1962');

insert into customers
values('0000000009','David','Hasselhoff',64,'17-JULY-1952');

prompt cust_phone number inserts

insert into cust_numbers
values('0000000000','916-370-6777','191-000-2020');

insert into cust_numbers
values('0000000001','916-567-6574','916-599-9909');

insert into cust_numbers
values('0000000002','916-889-9999','916-002-2212');

insert into cust_numbers
values('0000000003','916-021-1990','916-899-2343');

insert into cust_numbers
values('0000000004','916-916-9160','916-245-8190');

insert into cust_numbers
values('0000000005','707-992-0092','707-223-3333');

insert into cust_numbers
values('0000000006','707-808-7007','909-909-0000');

insert into cust_numbers
values('0000000007','707-960-6789','707-567-7899');

insert into cust_numbers
values('0000000008','707-999-1001','909-696-5757');

insert into cust_numbers
values('0000000009','707-990-1234','910-292-2020');

prompt beer_style inserts

insert into beer_style
values('1111111111','Lager',5);

insert into beer_style
values('1111111112','Wheat Ale',7);

insert into beer_style
values('1111111113','Brown Ale',6);

insert into beer_style
values('1111111114','Stoute',8);

insert into beer_style
values('1111111115','Porter',7);

insert into beer_style
values('1111111116','IPA',5);

insert into beer_style
values('1111111117','Scotch Ale',6);

insert into beer_style
values('1111111118','Golden Ale',6);

insert into beer_style
values('1111111119','Cream Ale',7);

insert into beer_style
values('1111111110','California steam Beer',6);

prompt serving_style

insert into serving_style
values('2222222222','pint glass','16oz', 5.65);

insert into serving_style
values('2222222221','English Pint','20oz',6.59);

insert into serving_style
values('2222222220','Beer Mug','20oz',6.50);

insert into serving_style
values('2222222333','Beer Mug','16oz',5.50);

insert into serving_style
values('2222222230','Small Glass','8oz',4.75);

insert into serving_style
values('2222222200','Pilsner','16oz',6.00);

insert into serving_style
values('2222225001','Wizen','16oz',6.00);

insert into serving_style
values('2222222212','Bottle','12oz',5.00);

insert into serving_style
values('2222222234','Stange','12oz',6.15);

insert into serving_style
values('2222222231','Sampler','6oz',2.50);

prompt beer inserts

insert into beer
values('2121212121','Blue Moon',18,1984,'12-MAY-2016','1111111111');

insert into beer
values('2121212122','Samual Adams',17,1984,'12-SEP-2016','1111111112');

insert into beer
values('2121212123','Samual Adams',18,1984,'12-MAY-2016','1111111111');

insert into beer
values('2121212124','Coors',18,1984,'15-MAR-2016','1111111111');

insert into beer
values('2121212125','Corona',18,1984,'12-JUNE-2016','1111111111');

insert into beer
values('2121212126','Rolling Rock',18,1984,'12-SEP-2016','1111111111');

insert into beer
values('2121212127','Tetleys',18,1984,'12-MAY-2016','1111111119');

insert into beer
values('2121212128','Deschutes',18,1984,'01-OCT-2016','1111111112');

insert into beer
values('2121212129','Deschutes Stout',18,1984,'12-OCT-2016','1111111114');

insert into beer
values('2121212110','Budweiser',18,1984,'12-MAY-2016','1111111111');

prompt beer_serving_style

insert into beer_serving_style
values('2121212121','2222222222');

insert into beer_serving_style
values('2121212121','2222222221');

insert into beer_serving_style
values('2121212121','2222222220');

insert into beer_serving_style
values('2121212121','2222222333');

insert into beer_serving_style
values('2121212121','2222222230');

insert into beer_serving_style
values('2121212121','2222222200');

insert into beer_serving_style
values('2121212121','2222225001');

insert into beer_serving_style
values('2121212121','2222222212');

insert into beer_serving_style
values('2121212121','2222222234');

insert into beer_serving_style
values('2121212121','2222222231');


------------------------------------------------------------------------

insert into beer_serving_style
values('2121212122','2222222222');

insert into beer_serving_style
values('2121212122','2222222221');

insert into beer_serving_style
values('2121212122','2222222333');

insert into beer_serving_style
values('2121212122','2222222230');

insert into beer_serving_style
values('2121212122','2222222200');

insert into beer_serving_style
values('2121212122','2222225001');

insert into beer_serving_style
values('2121212122','2222222212');

insert into beer_serving_style
values('2121212122','2222222234');

insert into beer_serving_style
values('2121212122','2222222220');

insert into beer_serving_style
values('2121212122','2222222231');

---------------------------------------------------------------------------

insert into beer_serving_style
values('2121212123','2222222222');

insert into beer_serving_style
values('2121212123','2222222221');

insert into beer_serving_style
values('2121212123','2222222220');

insert into beer_serving_style
values('2121212123','2222222333');

insert into beer_serving_style
values('2121212123','2222222230');

insert into beer_serving_style
values('2121212123','2222222200');

insert into beer_serving_style
values('2121212123','2222225001');

insert into beer_serving_style
values('2121212123','2222222212');

insert into beer_serving_style
values('2121212123','2222222234');

insert into beer_serving_style
values('2121212123','2222222231');

-------------------------------------------------------------------------------

insert into beer_serving_style
values('2121212124','2222222222');

insert into beer_serving_style
values('2121212124','2222222221');

insert into beer_serving_style
values('2121212124','2222222220');

insert into beer_serving_style
values('2121212124','2222222333');

insert into beer_serving_style
values('2121212124','2222222230');

insert into beer_serving_style
values('2121212124','2222222200');

insert into beer_serving_style
values('2121212124','2222225001');

insert into beer_serving_style
values('2121212124','2222222212');

insert into beer_serving_style
values('2121212124','2222222234');

insert into beer_serving_style
values('2121212124','2222222231');

----------------------------------------------------------------------------------------------------

insert into beer_serving_style
values('2121212125','2222222222');

insert into beer_serving_style
values('2121212125','2222222221');

insert into beer_serving_style
values('2121212125','2222222220');

insert into beer_serving_style
values('2121212125','2222222333');

insert into beer_serving_style
values('2121212125','2222222230');

insert into beer_serving_style
values('2121212125','2222222200');

insert into beer_serving_style
values('2121212125','2222225001');

insert into beer_serving_style
values('2121212125','2222222212');

insert into beer_serving_style
values('2121212125','2222222234');

insert into beer_serving_style
values('2121212125','2222222231');

-------------------------------------------------------------------

insert into beer_serving_style
values('2121212126','2222222222');

insert into beer_serving_style
values('2121212126','2222222221');

insert into beer_serving_style
values('2121212126','2222222220');

insert into beer_serving_style
values('2121212126','2222222333');

insert into beer_serving_style
values('2121212126','2222222230');

insert into beer_serving_style
values('2121212126','2222222200');

insert into beer_serving_style
values('2121212126','2222225001');

insert into beer_serving_style
values('2121212126','2222222212');

insert into beer_serving_style
values('2121212126','2222222234');

insert into beer_serving_style
values('2121212126','2222222231');

------------------------------------------------------------------

insert into beer_serving_style
values('2121212127','2222222222');

insert into beer_serving_style
values('2121212127','2222222221');

insert into beer_serving_style
values('2121212127','2222222220');

insert into beer_serving_style
values('2121212127','2222222333');

insert into beer_serving_style
values('2121212127','2222222230');

insert into beer_serving_style
values('2121212127','2222222200');

insert into beer_serving_style
values('2121212127','2222225001');

insert into beer_serving_style
values('2121212127','2222222212');

insert into beer_serving_style
values('2121212127','2222222234');

insert into beer_serving_style
values('2121212127','2222222231');

--------------------------------------------------------------------

insert into beer_serving_style
values('2121212128','2222222222');

insert into beer_serving_style
values('2121212128','2222222221');

insert into beer_serving_style
values('2121212128','2222222220');

insert into beer_serving_style
values('2121212128','2222222333');

insert into beer_serving_style
values('2121212128','2222222230');

insert into beer_serving_style
values('2121212128','2222222200');

insert into beer_serving_style
values('2121212128','2222225001');

insert into beer_serving_style
values('2121212128','2222222212');

insert into beer_serving_style
values('2121212128','2222222234');

insert into beer_serving_style
values('2121212128','2222222231');

------------------------------------------------------

insert into beer_serving_style
values('2121212129','2222222222');

insert into beer_serving_style
values('2121212129','2222222221');

insert into beer_serving_style
values('2121212129','2222222220');

insert into beer_serving_style
values('2121212129','2222222333');

insert into beer_serving_style
values('2121212129','2222222230');

insert into beer_serving_style
values('2121212129','2222222200');

insert into beer_serving_style
values('2121212129','2222225001');

insert into beer_serving_style
values('2121212129','2222222212');

insert into beer_serving_style
values('2121212129','2222222234');

insert into beer_serving_style
values('2121212129','2222222231');

------------------------------------------------------

insert into beer_serving_style
values('2121212110','2222222222');

insert into beer_serving_style
values('2121212110','2222222221');

insert into beer_serving_style
values('2121212110','2222222220');

insert into beer_serving_style
values('2121212110','2222222333');

insert into beer_serving_style
values('2121212110','2222222230');

insert into beer_serving_style
values('2121212110','2222222200');

insert into beer_serving_style
values('2121212110','2222225001');

insert into beer_serving_style
values('2121212110','2222222212');

insert into beer_serving_style
values('2121212110','2222222234');

insert into beer_serving_style
values('2121212110','2222222231');

--------------------------------------------------

prompt sales table inserts

insert into sales
values('1',1,'0000000009','11-NOV-2016',5.64);

insert into sales
values('2',1,'0000000000','11-NOV-2016',5.62);

insert into sales
values('3',1,'0000000001','12-NOV-2016',4.75);

insert into sales
values('4',1,'0000000002','12-NOV-2016',6.64);

insert into sales
values('5',1,'0000000003','13-NOV-2016',5.50);

insert into sales
values('6',1,'0000000004','13-NOV-2016',3.64);

insert into sales
values('7',1,'0000000005','14-NOV-2016',5.00);

insert into sales
values('8',1,'0000000006','14-NOV-2016',5.18);

insert into sales
values('9',1,'0000000007','15-NOV-2016',5.18);

insert into sales
values('10',1,'0000000008','15-NOV-2016',5.20);


prompt menu_item inserts

insert into menu_items
values('0','2121212110','1','2222222212');

insert into menu_items
values('1','2121212124','10','2222222231');

insert into menu_items
values('2','2121212121','8','2222225001');

insert into menu_items
values('3','2121212121','9','2222222212');

insert into menu_items
values('4','2121212129','2','2222225001');

insert into menu_items
values('5','2121212128','3','2222222231');

insert into menu_items
values('6','2121212122','4','2222222212');

insert into menu_items
values('7','2121212123','5','2222222230');

insert into menu_items
values('8','2121212126','6','2222222212');

insert into menu_items
values('9','2121212127','7','2222222221');
